{"cameraMode":{"drawMode":0,"name":"Shaded","section":"Shading Mode"},"sceneLighting":true,"audioPlay":false,"sceneViewState":{"showFog":true,"showMaterialUpdate":false,"showSkybox":false,"showFlares":true,"showImageEffects":true,"showParticleSystems":true},"in2DMode":false,"pivot":{"x":0.008864634670317173,"y":0.212055504322052,"z":-0.015607953071594239},"rotation":{"x":0.0038024052046239378,"y":0.9739127159118652,"z":-0.22629936039447785,"w":0.016364173963665963},"size":0.7450713515281677,"orthographic":false}