{"cameraMode":{"drawMode":0,"name":"Shaded","section":"Shading Mode"},"sceneLighting":true,"audioPlay":false,"sceneViewState":{"showFog":true,"showMaterialUpdate":false,"showSkybox":true,"showFlares":true,"showImageEffects":true,"showParticleSystems":true},"in2DMode":false,"pivot":{"x":-2.404569149017334,"y":0.5726051330566406,"z":1.059883713722229},"rotation":{"x":-0.23474234342575074,"y":0.5900918841362,"z":-0.18467840552330018,"w":-0.7500556707382202},"size":8.89504623413086,"orthographic":false}